key,locale,content,tags
"component.button.0","de","Sample content for component.button.0 in de 0","web,mobile,api"
"error.button.1","es","Sample content for error.button.1 in es 1","desktop,web"
"message.button.2","es","Sample content for message.button.2 in es 2","web,mobile"
"component.button.3","fr","Sample content for component.button.3 in fr 3","desktop,web"
"app.label.4","fr","Sample content for app.label.4 in fr 4","api"
"error.description.5","it","Sample content for error.description.5 in it 5","mobile,api"
"component.title.6","fr","Sample content for component.title.6 in fr 6","web"
"app.button.7","en","Sample content for app.button.7 in en 7","desktop"
"message.button.8","it","Sample content for message.button.8 in it 8","web"
"message.error.9","de","Sample content for message.error.9 in de 9","mobile"
"component.error.10","en","Sample content for component.error.10 in en 10","desktop,mobile,api"
"page.error.11","it","Sample content for page.error.11 in it 11","desktop"
"component.label.12","fr","Sample content for component.label.12 in fr 12","mobile"
"message.title.13","fr","Sample content for message.title.13 in fr 13","mobile,api"
"page.title.14","fr","Sample content for page.title.14 in fr 14","mobile,api"
"app.description.15","de","Sample content for app.description.15 in de 15","desktop,web,api"
"page.button.16","fr","Sample content for page.button.16 in fr 16","web,api"
"app.description.17","en","Sample content for app.description.17 in en 17","mobile"
"message.label.18","en","Sample content for message.label.18 in en 18","desktop"
"page.error.19","it","Sample content for page.error.19 in it 19","web,mobile,api"
"error.title.20","en","Sample content for error.title.20 in en 20","desktop,web"
"page.label.21","es","Sample content for page.label.21 in es 21","desktop,api"
"page.error.22","de","Sample content for page.error.22 in de 22","desktop,mobile,api"
"page.label.23","de","Sample content for page.label.23 in de 23","desktop,web,mobile"
"message.button.24","en","Sample content for message.button.24 in en 24","desktop,web"
"page.label.25","it","Sample content for page.label.25 in it 25","desktop,web,api"
"page.label.26","fr","Sample content for page.label.26 in fr 26","desktop,web,api"
"component.error.27","fr","Sample content for component.error.27 in fr 27","web"
"app.button.28","fr","Sample content for app.button.28 in fr 28","mobile,api"
"component.title.29","de","Sample content for component.title.29 in de 29","mobile"
"message.title.30","en","Sample content for message.title.30 in en 30","desktop,web,mobile"
"app.error.31","en","Sample content for app.error.31 in en 31","desktop,api"
"page.description.32","fr","Sample content for page.description.32 in fr 32","api"
"component.description.33","fr","Sample content for component.description.33 in fr 33","desktop,mobile"
"app.label.34","fr","Sample content for app.label.34 in fr 34","api"
"message.button.35","de","Sample content for message.button.35 in de 35","web,api"
"component.title.36","en","Sample content for component.title.36 in en 36","api"
"message.title.37","it","Sample content for message.title.37 in it 37","web,mobile"
"component.label.38","es","Sample content for component.label.38 in es 38","desktop,web,api"
"message.button.39","de","Sample content for message.button.39 in de 39","mobile"
"page.description.40","it","Sample content for page.description.40 in it 40","web"
"message.button.41","fr","Sample content for message.button.41 in fr 41","desktop,web"
"page.button.42","de","Sample content for page.button.42 in de 42","web,api"
"page.description.43","it","Sample content for page.description.43 in it 43","web,api"
"message.error.44","de","Sample content for message.error.44 in de 44","desktop,web"
"page.description.45","it","Sample content for page.description.45 in it 45","web"
"app.label.46","en","Sample content for app.label.46 in en 46","web,mobile,api"
"page.label.47","de","Sample content for page.label.47 in de 47","web,mobile"
"app.error.48","it","Sample content for app.error.48 in it 48","mobile"
"message.label.49","es","Sample content for message.label.49 in es 49","mobile"
"component.button.50","fr","Sample content for component.button.50 in fr 50","desktop,web"
"page.description.51","fr","Sample content for page.description.51 in fr 51","desktop"
"message.label.52","de","Sample content for message.label.52 in de 52","api"
"app.error.53","en","Sample content for app.error.53 in en 53","mobile"
"message.error.54","en","Sample content for message.error.54 in en 54","desktop"
"message.title.55","en","Sample content for message.title.55 in en 55","desktop,api"
"app.description.56","fr","Sample content for app.description.56 in fr 56","web,api"
"app.button.57","en","Sample content for app.button.57 in en 57","desktop"
"error.description.58","en","Sample content for error.description.58 in en 58","mobile"
"message.label.59","it","Sample content for message.label.59 in it 59","desktop,mobile,api"
"app.title.60","es","Sample content for app.title.60 in es 60","desktop"
"component.error.61","en","Sample content for component.error.61 in en 61","desktop,web"
"page.error.62","fr","Sample content for page.error.62 in fr 62","web"
"page.error.63","de","Sample content for page.error.63 in de 63","mobile"
"component.title.64","de","Sample content for component.title.64 in de 64","desktop"
"page.title.65","en","Sample content for page.title.65 in en 65","desktop,web"
"error.label.66","en","Sample content for error.label.66 in en 66","desktop,mobile,api"
"component.title.67","de","Sample content for component.title.67 in de 67","mobile"
"page.title.68","de","Sample content for page.title.68 in de 68","api"
"error.error.69","it","Sample content for error.error.69 in it 69","mobile"
"component.error.70","de","Sample content for component.error.70 in de 70","desktop,web,mobile"
"page.title.71","en","Sample content for page.title.71 in en 71","web"
"component.title.72","de","Sample content for component.title.72 in de 72","desktop,api"
"component.title.73","es","Sample content for component.title.73 in es 73","mobile"
"error.description.74","it","Sample content for error.description.74 in it 74","api"
"page.button.75","fr","Sample content for page.button.75 in fr 75","desktop,mobile"
"message.title.76","es","Sample content for message.title.76 in es 76","mobile"
"message.title.77","fr","Sample content for message.title.77 in fr 77","web,mobile"
"message.label.78","en","Sample content for message.label.78 in en 78","desktop"
"error.button.79","de","Sample content for error.button.79 in de 79","desktop,mobile,api"
"component.title.80","fr","Sample content for component.title.80 in fr 80","desktop,web"
"component.description.81","it","Sample content for component.description.81 in it 81","mobile,api"
"message.description.82","fr","Sample content for message.description.82 in fr 82","web,mobile"
"message.button.83","es","Sample content for message.button.83 in es 83","mobile"
"app.error.84","de","Sample content for app.error.84 in de 84","web"
"error.button.85","de","Sample content for error.button.85 in de 85","desktop,web,api"
"component.button.86","en","Sample content for component.button.86 in en 86","mobile"
"message.button.87","de","Sample content for message.button.87 in de 87","mobile,api"
"message.error.88","es","Sample content for message.error.88 in es 88","desktop,web"
"page.button.89","es","Sample content for page.button.89 in es 89","desktop"
"component.description.90","en","Sample content for component.description.90 in en 90","mobile,api"
"message.button.91","de","Sample content for message.button.91 in de 91","api"
"message.button.92","it","Sample content for message.button.92 in it 92","desktop"
"component.label.93","it","Sample content for component.label.93 in it 93","web,mobile"
"message.label.94","en","Sample content for message.label.94 in en 94","desktop,api"
"app.button.95","en","Sample content for app.button.95 in en 95","mobile,api"
"app.label.96","de","Sample content for app.label.96 in de 96","desktop"
"app.description.97","es","Sample content for app.description.97 in es 97","web"
"component.title.98","en","Sample content for component.title.98 in en 98","desktop,api"
"component.label.99","fr","Sample content for component.label.99 in fr 99","desktop,mobile"
"component.button.100","it","Sample content for component.button.100 in it 100","web,mobile"
"page.title.101","fr","Sample content for page.title.101 in fr 101","desktop,api"
"component.description.102","it","Sample content for component.description.102 in it 102","web,api"
"message.error.103","it","Sample content for message.error.103 in it 103","desktop"
"component.label.104","de","Sample content for component.label.104 in de 104","desktop,web,mobile"
"error.description.105","de","Sample content for error.description.105 in de 105","mobile"
"component.button.106","es","Sample content for component.button.106 in es 106","web"
"page.button.107","en","Sample content for page.button.107 in en 107","desktop,web"
"app.label.108","de","Sample content for app.label.108 in de 108","web,mobile,api"
"message.description.109","es","Sample content for message.description.109 in es 109","desktop,web,api"
"error.title.110","fr","Sample content for error.title.110 in fr 110","web,api"
"page.button.111","it","Sample content for page.button.111 in it 111","desktop,api"
"message.label.112","it","Sample content for message.label.112 in it 112","mobile"
"page.title.113","fr","Sample content for page.title.113 in fr 113","api"
"message.button.114","es","Sample content for message.button.114 in es 114","web"
"error.button.115","es","Sample content for error.button.115 in es 115","web,api"
"component.label.116","en","Sample content for component.label.116 in en 116","desktop,api"
"error.label.117","es","Sample content for error.label.117 in es 117","desktop,api"
"page.label.118","fr","Sample content for page.label.118 in fr 118","mobile"
"error.description.119","it","Sample content for error.description.119 in it 119","desktop,web,api"
"app.description.120","it","Sample content for app.description.120 in it 120","mobile,api"
"page.title.121","es","Sample content for page.title.121 in es 121","desktop,mobile"
"app.title.122","es","Sample content for app.title.122 in es 122","mobile"
"message.title.123","es","Sample content for message.title.123 in es 123","desktop,web"
"message.error.124","en","Sample content for message.error.124 in en 124","desktop,web"
"page.title.125","it","Sample content for page.title.125 in it 125","web,mobile,api"
"error.error.126","es","Sample content for error.error.126 in es 126","mobile"
"error.description.127","it","Sample content for error.description.127 in it 127","desktop,api"
"error.button.128","en","Sample content for error.button.128 in en 128","desktop,web"
"component.button.129","es","Sample content for component.button.129 in es 129","desktop,web"
"message.description.130","de","Sample content for message.description.130 in de 130","web,api"
"error.description.131","en","Sample content for error.description.131 in en 131","web,api"
"message.button.132","it","Sample content for message.button.132 in it 132","desktop,mobile"
"error.label.133","it","Sample content for error.label.133 in it 133","mobile,api"
"app.error.134","en","Sample content for app.error.134 in en 134","desktop,web"
"app.description.135","it","Sample content for app.description.135 in it 135","desktop,api"
"error.description.136","it","Sample content for error.description.136 in it 136","desktop,mobile,api"
"app.title.137","fr","Sample content for app.title.137 in fr 137","web"
"component.error.138","fr","Sample content for component.error.138 in fr 138","desktop,mobile"
"error.error.139","it","Sample content for error.error.139 in it 139","api"
"page.label.140","fr","Sample content for page.label.140 in fr 140","mobile"
"error.error.141","es","Sample content for error.error.141 in es 141","api"
"component.button.142","es","Sample content for component.button.142 in es 142","web,mobile"
"error.description.143","en","Sample content for error.description.143 in en 143","mobile,api"
"page.description.144","it","Sample content for page.description.144 in it 144","web,mobile"
"component.error.145","es","Sample content for component.error.145 in es 145","web,mobile"
"error.description.146","es","Sample content for error.description.146 in es 146","desktop,api"
"component.label.147","es","Sample content for component.label.147 in es 147","api"
"error.label.148","de","Sample content for error.label.148 in de 148","web"
"message.button.149","it","Sample content for message.button.149 in it 149","api"
"component.button.150","fr","Sample content for component.button.150 in fr 150","api"
"message.button.151","de","Sample content for message.button.151 in de 151","desktop"
"error.error.152","fr","Sample content for error.error.152 in fr 152","mobile,api"
"app.title.153","de","Sample content for app.title.153 in de 153","mobile"
"error.error.154","de","Sample content for error.error.154 in de 154","desktop,web,mobile"
"message.button.155","de","Sample content for message.button.155 in de 155","mobile,api"
"page.error.156","es","Sample content for page.error.156 in es 156","mobile,api"
"page.error.157","en","Sample content for page.error.157 in en 157","desktop,api"
"message.error.158","de","Sample content for message.error.158 in de 158","desktop,mobile,api"
"app.title.159","de","Sample content for app.title.159 in de 159","desktop,web,api"
"message.description.160","en","Sample content for message.description.160 in en 160","desktop,web,api"
"message.button.161","de","Sample content for message.button.161 in de 161","mobile"
"component.title.162","es","Sample content for component.title.162 in es 162","desktop,api"
"component.button.163","fr","Sample content for component.button.163 in fr 163","web,mobile,api"
"error.description.164","en","Sample content for error.description.164 in en 164","desktop,web"
"component.label.165","es","Sample content for component.label.165 in es 165","mobile,api"
"component.description.166","es","Sample content for component.description.166 in es 166","desktop,web,mobile"
"error.error.167","en","Sample content for error.error.167 in en 167","desktop,web"
"message.description.168","es","Sample content for message.description.168 in es 168","desktop,web,mobile"
"message.button.169","en","Sample content for message.button.169 in en 169","api"
"error.button.170","de","Sample content for error.button.170 in de 170","web,api"
"component.error.171","es","Sample content for component.error.171 in es 171","web,mobile"
"page.description.172","it","Sample content for page.description.172 in it 172","desktop,web,mobile"
"error.title.173","es","Sample content for error.title.173 in es 173","desktop"
"app.button.174","de","Sample content for app.button.174 in de 174","desktop,web,mobile"
"component.error.175","fr","Sample content for component.error.175 in fr 175","desktop,api"
"message.description.176","it","Sample content for message.description.176 in it 176","web"
"page.description.177","es","Sample content for page.description.177 in es 177","desktop,web,mobile"
"error.label.178","fr","Sample content for error.label.178 in fr 178","desktop,web"
"component.button.179","en","Sample content for component.button.179 in en 179","web,api"
"app.label.180","it","Sample content for app.label.180 in it 180","web"
"app.button.181","en","Sample content for app.button.181 in en 181","api"
"component.label.182","it","Sample content for component.label.182 in it 182","desktop"
"page.error.183","de","Sample content for page.error.183 in de 183","api"
"page.label.184","de","Sample content for page.label.184 in de 184","mobile"
"component.label.185","fr","Sample content for component.label.185 in fr 185","desktop,mobile"
"message.button.186","fr","Sample content for message.button.186 in fr 186","desktop,mobile"
"page.title.187","en","Sample content for page.title.187 in en 187","desktop"
"component.description.188","es","Sample content for component.description.188 in es 188","desktop,api"
"app.label.189","fr","Sample content for app.label.189 in fr 189","desktop"
"page.error.190","en","Sample content for page.error.190 in en 190","api"
"page.error.191","fr","Sample content for page.error.191 in fr 191","desktop,api"
"app.title.192","it","Sample content for app.title.192 in it 192","desktop,api"
"page.error.193","it","Sample content for page.error.193 in it 193","desktop,web,api"
"error.label.194","it","Sample content for error.label.194 in it 194","web"
"error.description.195","fr","Sample content for error.description.195 in fr 195","api"
"component.error.196","es","Sample content for component.error.196 in es 196","desktop,web"
"component.button.197","es","Sample content for component.button.197 in es 197","desktop,api"
"component.label.198","de","Sample content for component.label.198 in de 198","web,mobile,api"
"component.title.199","fr","Sample content for component.title.199 in fr 199","api"
"error.label.200","es","Sample content for error.label.200 in es 200","mobile,api"
"page.title.201","fr","Sample content for page.title.201 in fr 201","desktop"
"component.button.202","it","Sample content for component.button.202 in it 202","mobile"
"page.description.203","de","Sample content for page.description.203 in de 203","web"
"error.description.204","de","Sample content for error.description.204 in de 204","desktop,api"
"page.label.205","de","Sample content for page.label.205 in de 205","web"
"error.title.206","es","Sample content for error.title.206 in es 206","mobile"
"error.description.207","it","Sample content for error.description.207 in it 207","mobile"
"component.title.208","de","Sample content for component.title.208 in de 208","api"
"message.label.209","it","Sample content for message.label.209 in it 209","desktop,mobile,api"
"app.title.210","en","Sample content for app.title.210 in en 210","desktop,web"
"component.title.211","de","Sample content for component.title.211 in de 211","api"
"error.label.212","es","Sample content for error.label.212 in es 212","api"
"component.button.213","es","Sample content for component.button.213 in es 213","web,api"
"error.description.214","fr","Sample content for error.description.214 in fr 214","mobile"
"error.label.215","en","Sample content for error.label.215 in en 215","desktop,web,mobile"
"page.error.216","en","Sample content for page.error.216 in en 216","web,api"
"page.button.217","en","Sample content for page.button.217 in en 217","mobile,api"
"app.button.218","en","Sample content for app.button.218 in en 218","web"
"error.title.219","es","Sample content for error.title.219 in es 219","desktop,web,api"
"app.description.220","es","Sample content for app.description.220 in es 220","web"
"error.error.221","es","Sample content for error.error.221 in es 221","web,api"
"app.button.222","es","Sample content for app.button.222 in es 222","desktop,api"
"page.button.223","en","Sample content for page.button.223 in en 223","mobile,api"
"component.error.224","en","Sample content for component.error.224 in en 224","desktop,web"
"message.description.225","it","Sample content for message.description.225 in it 225","mobile,api"
"app.button.226","es","Sample content for app.button.226 in es 226","api"
"message.label.227","it","Sample content for message.label.227 in it 227","desktop,api"
"component.error.228","en","Sample content for component.error.228 in en 228","desktop,web,api"
"app.title.229","de","Sample content for app.title.229 in de 229","desktop,web"
"component.description.230","es","Sample content for component.description.230 in es 230","api"
"component.label.231","fr","Sample content for component.label.231 in fr 231","web"
"app.label.232","it","Sample content for app.label.232 in it 232","desktop,web"
"app.title.233","de","Sample content for app.title.233 in de 233","desktop,web,mobile"
"page.error.234","it","Sample content for page.error.234 in it 234","desktop,mobile,api"
"message.button.235","fr","Sample content for message.button.235 in fr 235","api"
"error.description.236","es","Sample content for error.description.236 in es 236","mobile"
"app.label.237","fr","Sample content for app.label.237 in fr 237","api"
"error.description.238","it","Sample content for error.description.238 in it 238","mobile,api"
"component.description.239","it","Sample content for component.description.239 in it 239","web,mobile,api"
"app.label.240","es","Sample content for app.label.240 in es 240","desktop,mobile"
"message.title.241","en","Sample content for message.title.241 in en 241","desktop"
"app.button.242","en","Sample content for app.button.242 in en 242","desktop,web,api"
"page.button.243","fr","Sample content for page.button.243 in fr 243","mobile"
"app.error.244","es","Sample content for app.error.244 in es 244","mobile"
"error.title.245","fr","Sample content for error.title.245 in fr 245","web,mobile,api"
"component.title.246","en","Sample content for component.title.246 in en 246","web,mobile"
"message.description.247","it","Sample content for message.description.247 in it 247","web"
"app.description.248","es","Sample content for app.description.248 in es 248","desktop,web,mobile"
"app.label.249","it","Sample content for app.label.249 in it 249","api"
"page.title.250","es","Sample content for page.title.250 in es 250","desktop,web"
"component.label.251","es","Sample content for component.label.251 in es 251","desktop"
"app.description.252","es","Sample content for app.description.252 in es 252","desktop"
"app.title.253","en","Sample content for app.title.253 in en 253","api"
"message.label.254","it","Sample content for message.label.254 in it 254","desktop,api"
"page.error.255","en","Sample content for page.error.255 in en 255","desktop,api"
"app.button.256","it","Sample content for app.button.256 in it 256","api"
"message.error.257","en","Sample content for message.error.257 in en 257","desktop,api"
"component.description.258","de","Sample content for component.description.258 in de 258","api"
"page.button.259","es","Sample content for page.button.259 in es 259","desktop,mobile"
"error.error.260","en","Sample content for error.error.260 in en 260","web,mobile"
"component.description.261","de","Sample content for component.description.261 in de 261","desktop,web,mobile"
"error.button.262","es","Sample content for error.button.262 in es 262","desktop"
"component.error.263","es","Sample content for component.error.263 in es 263","desktop"
"component.description.264","it","Sample content for component.description.264 in it 264","api"
"component.description.265","de","Sample content for component.description.265 in de 265","mobile"
"app.description.266","en","Sample content for app.description.266 in en 266","api"
"app.description.267","es","Sample content for app.description.267 in es 267","desktop"
"component.label.268","es","Sample content for component.label.268 in es 268","desktop,web"
"component.label.269","en","Sample content for component.label.269 in en 269","desktop,mobile"
"error.label.270","fr","Sample content for error.label.270 in fr 270","mobile,api"
"component.label.271","de","Sample content for component.label.271 in de 271","mobile"
"component.error.272","es","Sample content for component.error.272 in es 272","web,mobile"
"component.description.273","en","Sample content for component.description.273 in en 273","web"
"app.title.274","it","Sample content for app.title.274 in it 274","desktop,api"
"message.label.275","es","Sample content for message.label.275 in es 275","web,mobile,api"
"page.button.276","es","Sample content for page.button.276 in es 276","desktop"
"error.error.277","de","Sample content for error.error.277 in de 277","web,mobile"
"error.error.278","es","Sample content for error.error.278 in es 278","desktop,web,mobile"
"message.label.279","it","Sample content for message.label.279 in it 279","desktop,web"
"page.title.280","fr","Sample content for page.title.280 in fr 280","desktop"
"app.button.281","it","Sample content for app.button.281 in it 281","desktop,web"
"error.title.282","it","Sample content for error.title.282 in it 282","desktop,mobile"
"message.description.283","es","Sample content for message.description.283 in es 283","desktop,web,api"
"app.error.284","es","Sample content for app.error.284 in es 284","desktop,web,mobile"
"component.error.285","fr","Sample content for component.error.285 in fr 285","desktop,api"
"message.title.286","fr","Sample content for message.title.286 in fr 286","desktop"
"error.error.287","es","Sample content for error.error.287 in es 287","desktop"
"component.title.288","fr","Sample content for component.title.288 in fr 288","desktop,api"
"message.button.289","it","Sample content for message.button.289 in it 289","api"
"app.error.290","en","Sample content for app.error.290 in en 290","desktop"
"component.button.291","fr","Sample content for component.button.291 in fr 291","web"
"message.title.292","en","Sample content for message.title.292 in en 292","mobile,api"
"message.error.293","fr","Sample content for message.error.293 in fr 293","api"
"app.title.294","de","Sample content for app.title.294 in de 294","desktop,mobile"
"error.error.295","es","Sample content for error.error.295 in es 295","mobile,api"
"app.title.296","de","Sample content for app.title.296 in de 296","mobile"
"page.title.297","fr","Sample content for page.title.297 in fr 297","desktop,api"
"error.description.298","it","Sample content for error.description.298 in it 298","desktop,api"
"page.label.299","de","Sample content for page.label.299 in de 299","desktop,api"
"app.button.300","fr","Sample content for app.button.300 in fr 300","desktop,web"
"component.error.301","de","Sample content for component.error.301 in de 301","web,api"
"message.title.302","fr","Sample content for message.title.302 in fr 302","desktop"
"error.error.303","de","Sample content for error.error.303 in de 303","api"
"page.description.304","de","Sample content for page.description.304 in de 304","desktop,mobile,api"
"component.title.305","en","Sample content for component.title.305 in en 305","web,mobile"
"page.description.306","fr","Sample content for page.description.306 in fr 306","mobile,api"
"message.label.307","fr","Sample content for message.label.307 in fr 307","desktop,web"
"app.description.308","fr","Sample content for app.description.308 in fr 308","desktop,web"
"component.description.309","it","Sample content for component.description.309 in it 309","desktop,web"
"app.label.310","it","Sample content for app.label.310 in it 310","web"
"page.description.311","es","Sample content for page.description.311 in es 311","api"
"app.description.312","it","Sample content for app.description.312 in it 312","web,mobile"
"page.label.313","fr","Sample content for page.label.313 in fr 313","api"
"page.description.314","es","Sample content for page.description.314 in es 314","web,mobile"
"component.description.315","it","Sample content for component.description.315 in it 315","desktop,mobile"
"component.description.316","es","Sample content for component.description.316 in es 316","mobile"
"error.button.317","de","Sample content for error.button.317 in de 317","desktop,web,api"
"page.label.318","fr","Sample content for page.label.318 in fr 318","desktop,web,mobile"
"error.label.319","de","Sample content for error.label.319 in de 319","desktop"
"error.description.320","it","Sample content for error.description.320 in it 320","web,api"
"message.button.321","fr","Sample content for message.button.321 in fr 321","api"
"message.error.322","en","Sample content for message.error.322 in en 322","desktop,web"
"app.button.323","es","Sample content for app.button.323 in es 323","desktop,web"
"component.description.324","es","Sample content for component.description.324 in es 324","mobile,api"
"component.label.325","de","Sample content for component.label.325 in de 325","desktop,api"
"component.title.326","en","Sample content for component.title.326 in en 326","desktop"
"page.label.327","de","Sample content for page.label.327 in de 327","desktop,api"
"message.description.328","it","Sample content for message.description.328 in it 328","desktop,mobile"
"message.error.329","en","Sample content for message.error.329 in en 329","desktop"
"error.button.330","en","Sample content for error.button.330 in en 330","desktop"
"component.label.331","de","Sample content for component.label.331 in de 331","desktop,api"
"page.title.332","de","Sample content for page.title.332 in de 332","desktop,mobile"
"page.description.333","it","Sample content for page.description.333 in it 333","desktop,api"
"app.error.334","fr","Sample content for app.error.334 in fr 334","mobile,api"
"component.title.335","it","Sample content for component.title.335 in it 335","desktop"
"app.description.336","en","Sample content for app.description.336 in en 336","desktop"
"error.title.337","fr","Sample content for error.title.337 in fr 337","desktop,web,mobile"
"app.title.338","en","Sample content for app.title.338 in en 338","desktop,web"
"component.description.339","es","Sample content for component.description.339 in es 339","web,mobile"
"page.label.340","it","Sample content for page.label.340 in it 340","desktop"
"error.label.341","en","Sample content for error.label.341 in en 341","desktop"
"page.description.342","en","Sample content for page.description.342 in en 342","desktop,web"
"error.error.343","en","Sample content for error.error.343 in en 343","desktop"
"component.button.344","fr","Sample content for component.button.344 in fr 344","api"
"error.error.345","it","Sample content for error.error.345 in it 345","web,mobile"
"error.error.346","it","Sample content for error.error.346 in it 346","web,mobile"
"message.title.347","it","Sample content for message.title.347 in it 347","api"
"error.button.348","de","Sample content for error.button.348 in de 348","mobile,api"
"message.label.349","it","Sample content for message.label.349 in it 349","desktop"
"error.description.350","it","Sample content for error.description.350 in it 350","desktop"
"page.description.351","de","Sample content for page.description.351 in de 351","desktop,mobile,api"
"message.error.352","es","Sample content for message.error.352 in es 352","desktop"
"component.button.353","de","Sample content for component.button.353 in de 353","desktop"
"component.error.354","es","Sample content for component.error.354 in es 354","desktop"
"error.description.355","de","Sample content for error.description.355 in de 355","api"
"page.title.356","es","Sample content for page.title.356 in es 356","desktop"
"app.error.357","fr","Sample content for app.error.357 in fr 357","mobile,api"
"app.error.358","fr","Sample content for app.error.358 in fr 358","desktop,api"
"component.title.359","en","Sample content for component.title.359 in en 359","desktop,web"
"page.description.360","de","Sample content for page.description.360 in de 360","web,mobile"
"message.description.361","fr","Sample content for message.description.361 in fr 361","web,mobile"
"message.description.362","it","Sample content for message.description.362 in it 362","desktop,mobile"
"component.error.363","en","Sample content for component.error.363 in en 363","desktop,mobile"
"page.error.364","es","Sample content for page.error.364 in es 364","web"
"page.label.365","es","Sample content for page.label.365 in es 365","web"
"error.description.366","en","Sample content for error.description.366 in en 366","desktop,web,api"
"error.title.367","it","Sample content for error.title.367 in it 367","desktop,api"
"component.button.368","en","Sample content for component.button.368 in en 368","desktop,api"
"component.title.369","de","Sample content for component.title.369 in de 369","desktop,mobile"
"message.description.370","it","Sample content for message.description.370 in it 370","web,api"
"app.button.371","en","Sample content for app.button.371 in en 371","mobile,api"
"app.title.372","de","Sample content for app.title.372 in de 372","api"
"component.button.373","fr","Sample content for component.button.373 in fr 373","web"
"message.button.374","de","Sample content for message.button.374 in de 374","api"
"app.description.375","it","Sample content for app.description.375 in it 375","desktop,web,mobile"
"page.error.376","de","Sample content for page.error.376 in de 376","api"
"app.error.377","fr","Sample content for app.error.377 in fr 377","web,mobile,api"
"app.button.378","de","Sample content for app.button.378 in de 378","desktop,web"
"page.label.379","de","Sample content for page.label.379 in de 379","desktop,web"
"component.button.380","en","Sample content for component.button.380 in en 380","mobile"
"app.button.381","it","Sample content for app.button.381 in it 381","api"
"message.error.382","fr","Sample content for message.error.382 in fr 382","web"
"error.description.383","fr","Sample content for error.description.383 in fr 383","desktop,web"
"component.description.384","es","Sample content for component.description.384 in es 384","desktop,api"
"app.error.385","es","Sample content for app.error.385 in es 385","mobile,api"
"message.title.386","it","Sample content for message.title.386 in it 386","api"
"component.label.387","en","Sample content for component.label.387 in en 387","desktop,web"
"page.error.388","fr","Sample content for page.error.388 in fr 388","desktop,web"
"error.description.389","en","Sample content for error.description.389 in en 389","desktop"
"app.error.390","fr","Sample content for app.error.390 in fr 390","desktop,web"
"error.error.391","es","Sample content for error.error.391 in es 391","api"
"error.label.392","es","Sample content for error.label.392 in es 392","desktop,mobile"
"page.description.393","en","Sample content for page.description.393 in en 393","desktop"
"error.label.394","it","Sample content for error.label.394 in it 394","mobile,api"
"component.title.395","de","Sample content for component.title.395 in de 395","web"
"component.button.396","fr","Sample content for component.button.396 in fr 396","web,api"
"message.button.397","it","Sample content for message.button.397 in it 397","api"
"app.button.398","de","Sample content for app.button.398 in de 398","api"
"error.label.399","de","Sample content for error.label.399 in de 399","mobile"
"component.description.400","es","Sample content for component.description.400 in es 400","mobile"
"error.button.401","es","Sample content for error.button.401 in es 401","desktop,api"
"app.label.402","es","Sample content for app.label.402 in es 402","desktop"
"app.error.403","fr","Sample content for app.error.403 in fr 403","mobile,api"
"page.label.404","en","Sample content for page.label.404 in en 404","mobile,api"
"component.button.405","de","Sample content for component.button.405 in de 405","mobile"
"message.error.406","fr","Sample content for message.error.406 in fr 406","desktop"
"app.description.407","es","Sample content for app.description.407 in es 407","desktop,web"
"app.button.408","es","Sample content for app.button.408 in es 408","desktop,web"
"message.button.409","es","Sample content for message.button.409 in es 409","web,api"
"app.label.410","it","Sample content for app.label.410 in it 410","desktop,mobile"
"page.title.411","it","Sample content for page.title.411 in it 411","mobile"
"app.label.412","de","Sample content for app.label.412 in de 412","mobile,api"
"error.button.413","fr","Sample content for error.button.413 in fr 413","web,api"
"error.title.414","it","Sample content for error.title.414 in it 414","api"
"app.title.415","it","Sample content for app.title.415 in it 415","api"
"app.label.416","de","Sample content for app.label.416 in de 416","web"
"component.button.417","es","Sample content for component.button.417 in es 417","web"
"component.button.418","it","Sample content for component.button.418 in it 418","desktop,mobile,api"
"component.button.419","it","Sample content for component.button.419 in it 419","web"
"error.label.420","fr","Sample content for error.label.420 in fr 420","mobile,api"
"error.label.421","es","Sample content for error.label.421 in es 421","mobile"
"error.button.422","de","Sample content for error.button.422 in de 422","web"
"app.error.423","en","Sample content for app.error.423 in en 423","mobile"
"app.title.424","es","Sample content for app.title.424 in es 424","desktop,api"
"app.description.425","es","Sample content for app.description.425 in es 425","api"
"component.title.426","it","Sample content for component.title.426 in it 426","desktop,mobile,api"
"error.error.427","it","Sample content for error.error.427 in it 427","desktop"
"component.label.428","fr","Sample content for component.label.428 in fr 428","web,mobile"
"page.error.429","en","Sample content for page.error.429 in en 429","desktop,web"
"component.button.430","fr","Sample content for component.button.430 in fr 430","mobile"
"app.button.431","it","Sample content for app.button.431 in it 431","web,api"
"error.title.432","it","Sample content for error.title.432 in it 432","desktop"
"message.description.433","it","Sample content for message.description.433 in it 433","desktop,mobile"
"message.error.434","it","Sample content for message.error.434 in it 434","mobile"
"app.error.435","fr","Sample content for app.error.435 in fr 435","desktop"
"page.error.436","de","Sample content for page.error.436 in de 436","web"
"message.error.437","fr","Sample content for message.error.437 in fr 437","desktop"
"app.title.438","it","Sample content for app.title.438 in it 438","web,mobile"
"page.button.439","fr","Sample content for page.button.439 in fr 439","desktop,web"
"message.error.440","en","Sample content for message.error.440 in en 440","desktop,web"
"error.description.441","es","Sample content for error.description.441 in es 441","mobile"
"component.label.442","fr","Sample content for component.label.442 in fr 442","mobile"
"component.description.443","fr","Sample content for component.description.443 in fr 443","mobile"
"message.label.444","it","Sample content for message.label.444 in it 444","web,api"
"page.title.445","fr","Sample content for page.title.445 in fr 445","web"
"error.description.446","de","Sample content for error.description.446 in de 446","web,mobile,api"
"message.button.447","fr","Sample content for message.button.447 in fr 447","api"
"error.description.448","it","Sample content for error.description.448 in it 448","desktop,mobile,api"
"error.error.449","en","Sample content for error.error.449 in en 449","web"
"component.label.450","en","Sample content for component.label.450 in en 450","desktop,api"
"error.error.451","es","Sample content for error.error.451 in es 451","web,mobile"
"error.description.452","it","Sample content for error.description.452 in it 452","desktop,api"
"page.error.453","it","Sample content for page.error.453 in it 453","web,api"
"component.title.454","de","Sample content for component.title.454 in de 454","desktop,mobile,api"
"app.error.455","it","Sample content for app.error.455 in it 455","desktop,api"
"page.error.456","it","Sample content for page.error.456 in it 456","desktop"
"component.title.457","en","Sample content for component.title.457 in en 457","desktop,web,mobile"
"app.error.458","es","Sample content for app.error.458 in es 458","api"
"page.title.459","es","Sample content for page.title.459 in es 459","api"
"app.description.460","de","Sample content for app.description.460 in de 460","web,mobile"
"message.title.461","fr","Sample content for message.title.461 in fr 461","desktop,mobile"
"component.title.462","en","Sample content for component.title.462 in en 462","mobile"
"app.title.463","de","Sample content for app.title.463 in de 463","api"
"page.error.464","es","Sample content for page.error.464 in es 464","web,mobile"
"component.error.465","de","Sample content for component.error.465 in de 465","web"
"message.button.466","en","Sample content for message.button.466 in en 466","web"
"page.label.467","it","Sample content for page.label.467 in it 467","desktop,web,api"
"error.error.468","en","Sample content for error.error.468 in en 468","desktop,mobile,api"
"component.error.469","en","Sample content for component.error.469 in en 469","desktop,api"
"component.description.470","fr","Sample content for component.description.470 in fr 470","web,mobile,api"
"error.button.471","it","Sample content for error.button.471 in it 471","web,api"
"error.title.472","en","Sample content for error.title.472 in en 472","desktop,mobile"
"component.label.473","fr","Sample content for component.label.473 in fr 473","desktop,api"
"page.description.474","en","Sample content for page.description.474 in en 474","api"
"message.title.475","es","Sample content for message.title.475 in es 475","desktop,mobile,api"
"app.title.476","de","Sample content for app.title.476 in de 476","desktop,api"
"message.button.477","fr","Sample content for message.button.477 in fr 477","desktop,web"
"error.error.478","es","Sample content for error.error.478 in es 478","web"
"page.label.479","it","Sample content for page.label.479 in it 479","desktop"
"message.button.480","de","Sample content for message.button.480 in de 480","web"
"page.title.481","fr","Sample content for page.title.481 in fr 481","desktop"
"component.label.482","fr","Sample content for component.label.482 in fr 482","desktop,mobile"
"component.button.483","it","Sample content for component.button.483 in it 483","api"
"app.title.484","it","Sample content for app.title.484 in it 484","desktop"
"component.description.485","de","Sample content for component.description.485 in de 485","mobile,api"
"component.error.486","de","Sample content for component.error.486 in de 486","desktop,web"
"app.button.487","de","Sample content for app.button.487 in de 487","desktop,api"
"message.label.488","it","Sample content for message.label.488 in it 488","desktop"
"app.description.489","en","Sample content for app.description.489 in en 489","api"
"error.description.490","it","Sample content for error.description.490 in it 490","desktop,web"
"error.title.491","de","Sample content for error.title.491 in de 491","desktop"
"app.error.492","es","Sample content for app.error.492 in es 492","desktop,api"
"error.error.493","es","Sample content for error.error.493 in es 493","web"
"page.error.494","it","Sample content for page.error.494 in it 494","mobile"
"message.description.495","es","Sample content for message.description.495 in es 495","web,api"
"error.error.496","es","Sample content for error.error.496 in es 496","desktop,web"
"app.error.497","fr","Sample content for app.error.497 in fr 497","api"
"message.title.498","es","Sample content for message.title.498 in es 498","desktop,api"
"component.button.499","en","Sample content for component.button.499 in en 499","desktop"
"message.title.500","it","Sample content for message.title.500 in it 500","web,api"
"component.button.501","fr","Sample content for component.button.501 in fr 501","mobile"
"page.label.502","en","Sample content for page.label.502 in en 502","web"
"message.button.503","en","Sample content for message.button.503 in en 503","web,mobile,api"
"message.title.504","de","Sample content for message.title.504 in de 504","desktop,web"
"component.error.505","fr","Sample content for component.error.505 in fr 505","desktop,web"
"message.description.506","fr","Sample content for message.description.506 in fr 506","web"
"app.error.507","en","Sample content for app.error.507 in en 507","desktop,api"
"app.title.508","it","Sample content for app.title.508 in it 508","desktop"
"message.title.509","de","Sample content for message.title.509 in de 509","web,mobile"
"page.label.510","fr","Sample content for page.label.510 in fr 510","api"
"app.description.511","es","Sample content for app.description.511 in es 511","web"
"component.button.512","de","Sample content for component.button.512 in de 512","desktop,web,mobile"
"error.label.513","it","Sample content for error.label.513 in it 513","desktop"
"message.title.514","it","Sample content for message.title.514 in it 514","web"
"message.button.515","en","Sample content for message.button.515 in en 515","web,api"
"error.description.516","en","Sample content for error.description.516 in en 516","desktop,web"
"page.error.517","es","Sample content for page.error.517 in es 517","desktop,api"
"error.description.518","fr","Sample content for error.description.518 in fr 518","desktop,api"
"app.label.519","en","Sample content for app.label.519 in en 519","api"
"error.title.520","fr","Sample content for error.title.520 in fr 520","web,mobile"
"component.label.521","es","Sample content for component.label.521 in es 521","web"
"app.label.522","es","Sample content for app.label.522 in es 522","desktop"
"error.error.523","en","Sample content for error.error.523 in en 523","web,mobile,api"
"page.error.524","en","Sample content for page.error.524 in en 524","desktop,mobile"
"component.button.525","fr","Sample content for component.button.525 in fr 525","web"
"error.label.526","it","Sample content for error.label.526 in it 526","mobile"
"message.label.527","de","Sample content for message.label.527 in de 527","mobile"
"component.button.528","de","Sample content for component.button.528 in de 528","api"
"page.error.529","it","Sample content for page.error.529 in it 529","desktop,api"
"message.error.530","de","Sample content for message.error.530 in de 530","desktop,mobile"
"component.error.531","es","Sample content for component.error.531 in es 531","mobile,api"
"app.button.532","fr","Sample content for app.button.532 in fr 532","desktop"
"component.description.533","it","Sample content for component.description.533 in it 533","desktop,web"
"component.label.534","es","Sample content for component.label.534 in es 534","desktop"
"page.description.535","it","Sample content for page.description.535 in it 535","desktop,api"
"message.error.536","de","Sample content for message.error.536 in de 536","web"
"page.error.537","fr","Sample content for page.error.537 in fr 537","api"
"component.error.538","fr","Sample content for component.error.538 in fr 538","mobile"
"page.error.539","de","Sample content for page.error.539 in de 539","mobile,api"
"component.error.540","it","Sample content for component.error.540 in it 540","mobile"
"app.description.541","it","Sample content for app.description.541 in it 541","desktop,mobile,api"
"error.label.542","es","Sample content for error.label.542 in es 542","web,mobile"
"component.error.543","en","Sample content for component.error.543 in en 543","desktop,web"
"message.title.544","en","Sample content for message.title.544 in en 544","desktop,api"
"message.button.545","it","Sample content for message.button.545 in it 545","mobile,api"
"error.label.546","en","Sample content for error.label.546 in en 546","desktop,api"
"message.label.547","es","Sample content for message.label.547 in es 547","web"
"page.title.548","en","Sample content for page.title.548 in en 548","desktop,web,mobile"
"error.description.549","fr","Sample content for error.description.549 in fr 549","api"
"app.description.550","es","Sample content for app.description.550 in es 550","desktop,web,mobile"
"page.description.551","de","Sample content for page.description.551 in de 551","mobile"
"component.button.552","fr","Sample content for component.button.552 in fr 552","desktop"
"message.title.553","en","Sample content for message.title.553 in en 553","api"
"app.description.554","de","Sample content for app.description.554 in de 554","mobile"
"error.description.555","de","Sample content for error.description.555 in de 555","api"
"component.title.556","de","Sample content for component.title.556 in de 556","desktop,web,api"
"page.title.557","fr","Sample content for page.title.557 in fr 557","desktop,mobile,api"
"error.error.558","es","Sample content for error.error.558 in es 558","api"
"component.label.559","en","Sample content for component.label.559 in en 559","desktop,api"
"error.description.560","de","Sample content for error.description.560 in de 560","mobile"
"component.error.561","fr","Sample content for component.error.561 in fr 561","web"
"page.button.562","fr","Sample content for page.button.562 in fr 562","api"
"message.label.563","es","Sample content for message.label.563 in es 563","web,mobile,api"
"component.label.564","fr","Sample content for component.label.564 in fr 564","desktop,api"
"component.label.565","de","Sample content for component.label.565 in de 565","web"
"page.title.566","de","Sample content for page.title.566 in de 566","desktop,web"
"message.label.567","en","Sample content for message.label.567 in en 567","desktop,web,api"
"component.description.568","es","Sample content for component.description.568 in es 568","web,api"
"error.title.569","en","Sample content for error.title.569 in en 569","desktop,api"
"error.label.570","es","Sample content for error.label.570 in es 570","desktop,mobile"
"app.button.571","en","Sample content for app.button.571 in en 571","mobile,api"
"component.error.572","fr","Sample content for component.error.572 in fr 572","desktop,api"
"page.button.573","it","Sample content for page.button.573 in it 573","web"
"app.label.574","it","Sample content for app.label.574 in it 574","desktop,api"
"message.error.575","it","Sample content for message.error.575 in it 575","desktop,mobile,api"
"message.title.576","de","Sample content for message.title.576 in de 576","desktop,web"
"page.description.577","fr","Sample content for page.description.577 in fr 577","mobile"
"message.button.578","en","Sample content for message.button.578 in en 578","desktop,web"
"message.label.579","es","Sample content for message.label.579 in es 579","web"
"page.error.580","en","Sample content for page.error.580 in en 580","web,api"
"error.label.581","fr","Sample content for error.label.581 in fr 581","desktop,web,mobile"
"app.description.582","es","Sample content for app.description.582 in es 582","web,mobile,api"
"error.description.583","de","Sample content for error.description.583 in de 583","mobile"
"app.description.584","de","Sample content for app.description.584 in de 584","mobile,api"
"component.title.585","en","Sample content for component.title.585 in en 585","desktop,web,api"
"app.button.586","en","Sample content for app.button.586 in en 586","desktop"
"error.button.587","es","Sample content for error.button.587 in es 587","web"
"app.title.588","de","Sample content for app.title.588 in de 588","web"
"app.label.589","en","Sample content for app.label.589 in en 589","api"
"message.error.590","fr","Sample content for message.error.590 in fr 590","web"
"app.description.591","de","Sample content for app.description.591 in de 591","desktop,mobile"
"app.error.592","it","Sample content for app.error.592 in it 592","web"
"error.title.593","it","Sample content for error.title.593 in it 593","mobile"
"app.description.594","en","Sample content for app.description.594 in en 594","mobile,api"
"component.label.595","fr","Sample content for component.label.595 in fr 595","web,mobile,api"
"error.error.596","fr","Sample content for error.error.596 in fr 596","desktop"
"page.description.597","de","Sample content for page.description.597 in de 597","web"
"error.label.598","it","Sample content for error.label.598 in it 598","desktop,mobile,api"
"error.title.599","es","Sample content for error.title.599 in es 599","desktop"
"component.button.600","es","Sample content for component.button.600 in es 600","desktop,web"
"error.button.601","it","Sample content for error.button.601 in it 601","web,api"
"error.title.602","de","Sample content for error.title.602 in de 602","desktop,web"
"error.error.603","de","Sample content for error.error.603 in de 603","api"
"error.description.604","es","Sample content for error.description.604 in es 604","web"
"error.error.605","fr","Sample content for error.error.605 in fr 605","mobile,api"
"message.error.606","it","Sample content for message.error.606 in it 606","desktop,mobile,api"
"app.description.607","fr","Sample content for app.description.607 in fr 607","mobile"
"error.error.608","es","Sample content for error.error.608 in es 608","api"
"app.label.609","es","Sample content for app.label.609 in es 609","desktop"
"app.button.610","en","Sample content for app.button.610 in en 610","desktop,mobile"
"app.error.611","fr","Sample content for app.error.611 in fr 611","mobile"
"component.button.612","fr","Sample content for component.button.612 in fr 612","desktop"
"message.description.613","en","Sample content for message.description.613 in en 613","mobile"
"message.title.614","fr","Sample content for message.title.614 in fr 614","web,mobile"
"component.error.615","de","Sample content for component.error.615 in de 615","desktop,api"
"message.label.616","en","Sample content for message.label.616 in en 616","mobile"
"app.description.617","es","Sample content for app.description.617 in es 617","web,mobile"
"component.button.618","it","Sample content for component.button.618 in it 618","mobile"
"app.title.619","fr","Sample content for app.title.619 in fr 619","web,api"
"app.error.620","en","Sample content for app.error.620 in en 620","desktop,mobile"
"message.title.621","de","Sample content for message.title.621 in de 621","mobile"
"component.title.622","it","Sample content for component.title.622 in it 622","desktop,api"
"message.error.623","de","Sample content for message.error.623 in de 623","mobile"
"message.button.624","de","Sample content for message.button.624 in de 624","desktop,web,api"
"component.button.625","en","Sample content for component.button.625 in en 625","desktop,web"
"app.label.626","en","Sample content for app.label.626 in en 626","web,mobile"
"error.title.627","de","Sample content for error.title.627 in de 627","desktop"
"error.button.628","es","Sample content for error.button.628 in es 628","web"
"app.error.629","fr","Sample content for app.error.629 in fr 629","web,mobile"
"component.error.630","de","Sample content for component.error.630 in de 630","web"
"component.description.631","it","Sample content for component.description.631 in it 631","desktop"
"error.button.632","en","Sample content for error.button.632 in en 632","mobile"
"message.button.633","en","Sample content for message.button.633 in en 633","desktop"
"component.label.634","it","Sample content for component.label.634 in it 634","desktop,web,api"
"error.label.635","it","Sample content for error.label.635 in it 635","api"
"component.button.636","fr","Sample content for component.button.636 in fr 636","desktop"
"app.title.637","en","Sample content for app.title.637 in en 637","web,api"
"app.label.638","fr","Sample content for app.label.638 in fr 638","mobile,api"
"page.label.639","en","Sample content for page.label.639 in en 639","desktop,api"
"error.title.640","it","Sample content for error.title.640 in it 640","mobile"
"error.button.641","en","Sample content for error.button.641 in en 641","desktop,mobile"
"error.title.642","en","Sample content for error.title.642 in en 642","web,api"
"component.button.643","es","Sample content for component.button.643 in es 643","desktop,web,mobile"
"message.button.644","fr","Sample content for message.button.644 in fr 644","mobile,api"
"app.button.645","es","Sample content for app.button.645 in es 645","mobile,api"
"page.label.646","fr","Sample content for page.label.646 in fr 646","api"
"component.label.647","fr","Sample content for component.label.647 in fr 647","mobile,api"
"component.label.648","it","Sample content for component.label.648 in it 648","mobile,api"
"error.description.649","de","Sample content for error.description.649 in de 649","web"
"page.error.650","fr","Sample content for page.error.650 in fr 650","web,api"
"app.title.651","en","Sample content for app.title.651 in en 651","desktop,api"
"page.description.652","it","Sample content for page.description.652 in it 652","desktop,web"
"component.error.653","de","Sample content for component.error.653 in de 653","desktop,mobile,api"
"component.title.654","en","Sample content for component.title.654 in en 654","web"
"page.label.655","en","Sample content for page.label.655 in en 655","web,mobile"
"message.title.656","de","Sample content for message.title.656 in de 656","desktop,api"
"error.button.657","it","Sample content for error.button.657 in it 657","web,mobile,api"
"message.description.658","en","Sample content for message.description.658 in en 658","desktop,web,mobile"
"page.error.659","en","Sample content for page.error.659 in en 659","desktop,web"
"message.description.660","fr","Sample content for message.description.660 in fr 660","desktop"
"message.button.661","it","Sample content for message.button.661 in it 661","desktop,web,api"
"component.description.662","fr","Sample content for component.description.662 in fr 662","desktop,api"
"message.title.663","en","Sample content for message.title.663 in en 663","api"
"app.button.664","en","Sample content for app.button.664 in en 664","desktop,web"
"message.button.665","es","Sample content for message.button.665 in es 665","desktop,mobile"
"error.label.666","de","Sample content for error.label.666 in de 666","mobile"
"message.description.667","fr","Sample content for message.description.667 in fr 667","mobile,api"
"error.title.668","it","Sample content for error.title.668 in it 668","desktop"
"app.title.669","de","Sample content for app.title.669 in de 669","mobile"
"error.label.670","fr","Sample content for error.label.670 in fr 670","web,mobile,api"
"error.button.671","it","Sample content for error.button.671 in it 671","web"
"error.description.672","de","Sample content for error.description.672 in de 672","api"
"message.label.673","es","Sample content for message.label.673 in es 673","desktop,web"
"error.label.674","en","Sample content for error.label.674 in en 674","web,mobile"
"page.label.675","en","Sample content for page.label.675 in en 675","mobile,api"
"app.label.676","en","Sample content for app.label.676 in en 676","web"
"app.button.677","en","Sample content for app.button.677 in en 677","web,mobile"
"message.error.678","fr","Sample content for message.error.678 in fr 678","mobile"
"error.title.679","it","Sample content for error.title.679 in it 679","desktop,web"
"component.title.680","en","Sample content for component.title.680 in en 680","desktop,mobile"
"page.description.681","es","Sample content for page.description.681 in es 681","desktop"
"error.error.682","de","Sample content for error.error.682 in de 682","desktop,api"
"component.description.683","it","Sample content for component.description.683 in it 683","api"
"error.label.684","de","Sample content for error.label.684 in de 684","api"
"component.description.685","de","Sample content for component.description.685 in de 685","web"
"component.error.686","it","Sample content for component.error.686 in it 686","desktop"
"error.label.687","it","Sample content for error.label.687 in it 687","web"
"component.label.688","fr","Sample content for component.label.688 in fr 688","mobile,api"
"error.label.689","it","Sample content for error.label.689 in it 689","api"
"error.label.690","it","Sample content for error.label.690 in it 690","desktop,mobile"
"component.description.691","en","Sample content for component.description.691 in en 691","web"
"component.button.692","de","Sample content for component.button.692 in de 692","api"
"component.error.693","fr","Sample content for component.error.693 in fr 693","desktop,mobile"
"message.title.694","en","Sample content for message.title.694 in en 694","desktop,mobile,api"
"page.label.695","fr","Sample content for page.label.695 in fr 695","web,mobile,api"
"app.description.696","es","Sample content for app.description.696 in es 696","mobile,api"
"app.error.697","en","Sample content for app.error.697 in en 697","desktop,mobile"
"error.label.698","es","Sample content for error.label.698 in es 698","desktop,api"
"error.description.699","fr","Sample content for error.description.699 in fr 699","mobile"
"component.button.700","it","Sample content for component.button.700 in it 700","mobile"
"component.title.701","de","Sample content for component.title.701 in de 701","web,mobile"
"error.description.702","it","Sample content for error.description.702 in it 702","desktop,mobile"
"component.title.703","it","Sample content for component.title.703 in it 703","desktop,web"
"component.description.704","de","Sample content for component.description.704 in de 704","api"
"message.label.705","it","Sample content for message.label.705 in it 705","desktop"
"app.error.706","fr","Sample content for app.error.706 in fr 706","desktop,mobile,api"
"component.label.707","it","Sample content for component.label.707 in it 707","desktop,mobile"
"component.label.708","de","Sample content for component.label.708 in de 708","mobile,api"
"component.label.709","fr","Sample content for component.label.709 in fr 709","web"
"error.description.710","en","Sample content for error.description.710 in en 710","mobile,api"
"page.label.711","it","Sample content for page.label.711 in it 711","api"
"component.title.712","it","Sample content for component.title.712 in it 712","desktop,mobile"
"component.description.713","fr","Sample content for component.description.713 in fr 713","desktop,api"
"error.error.714","de","Sample content for error.error.714 in de 714","web,api"
"page.label.715","it","Sample content for page.label.715 in it 715","desktop"
"page.button.716","es","Sample content for page.button.716 in es 716","desktop,mobile,api"
"component.description.717","de","Sample content for component.description.717 in de 717","desktop,mobile,api"
"page.title.718","it","Sample content for page.title.718 in it 718","web,mobile"
"page.description.719","en","Sample content for page.description.719 in en 719","api"
"app.label.720","fr","Sample content for app.label.720 in fr 720","desktop"
"error.description.721","fr","Sample content for error.description.721 in fr 721","web"
"page.label.722","es","Sample content for page.label.722 in es 722","desktop,mobile,api"
"message.description.723","es","Sample content for message.description.723 in es 723","desktop,web"
"app.button.724","de","Sample content for app.button.724 in de 724","desktop,api"
"component.label.725","it","Sample content for component.label.725 in it 725","api"
"component.error.726","it","Sample content for component.error.726 in it 726","mobile,api"
"message.description.727","de","Sample content for message.description.727 in de 727","web,api"
"app.description.728","de","Sample content for app.description.728 in de 728","desktop,mobile"
"error.title.729","de","Sample content for error.title.729 in de 729","mobile"
"error.error.730","fr","Sample content for error.error.730 in fr 730","desktop,api"
"app.description.731","de","Sample content for app.description.731 in de 731","api"
"page.error.732","en","Sample content for page.error.732 in en 732","web"
"component.label.733","fr","Sample content for component.label.733 in fr 733","desktop,web"
"component.title.734","fr","Sample content for component.title.734 in fr 734","api"
"app.description.735","de","Sample content for app.description.735 in de 735","desktop"
"app.label.736","de","Sample content for app.label.736 in de 736","web,api"
"component.button.737","fr","Sample content for component.button.737 in fr 737","web,mobile"
"page.label.738","es","Sample content for page.label.738 in es 738","desktop,web"
"error.title.739","fr","Sample content for error.title.739 in fr 739","desktop,mobile"
"message.button.740","de","Sample content for message.button.740 in de 740","mobile"
"error.label.741","es","Sample content for error.label.741 in es 741","api"
"app.description.742","en","Sample content for app.description.742 in en 742","web"
"error.button.743","en","Sample content for error.button.743 in en 743","desktop"
"error.error.744","fr","Sample content for error.error.744 in fr 744","desktop,web"
"page.button.745","en","Sample content for page.button.745 in en 745","web,mobile,api"
"component.description.746","it","Sample content for component.description.746 in it 746","web"
"component.label.747","fr","Sample content for component.label.747 in fr 747","desktop,web"
"page.label.748","it","Sample content for page.label.748 in it 748","web"
"app.error.749","it","Sample content for app.error.749 in it 749","web,api"
"error.error.750","it","Sample content for error.error.750 in it 750","web,api"
"component.title.751","en","Sample content for component.title.751 in en 751","web"
"message.title.752","es","Sample content for message.title.752 in es 752","desktop"
"error.button.753","fr","Sample content for error.button.753 in fr 753","mobile"
"error.error.754","fr","Sample content for error.error.754 in fr 754","desktop"
"page.label.755","it","Sample content for page.label.755 in it 755","desktop,mobile"
"app.error.756","it","Sample content for app.error.756 in it 756","desktop"
"component.button.757","fr","Sample content for component.button.757 in fr 757","web"
"error.description.758","it","Sample content for error.description.758 in it 758","desktop,mobile"
"error.label.759","it","Sample content for error.label.759 in it 759","desktop"
"message.title.760","fr","Sample content for message.title.760 in fr 760","desktop,api"
"message.label.761","it","Sample content for message.label.761 in it 761","desktop,web"
"component.label.762","fr","Sample content for component.label.762 in fr 762","api"
"app.label.763","en","Sample content for app.label.763 in en 763","desktop,mobile"
"message.title.764","de","Sample content for message.title.764 in de 764","web,api"
"message.title.765","en","Sample content for message.title.765 in en 765","mobile"
"app.description.766","de","Sample content for app.description.766 in de 766","web,mobile"
"app.error.767","de","Sample content for app.error.767 in de 767","api"
"error.description.768","es","Sample content for error.description.768 in es 768","web"
"error.error.769","es","Sample content for error.error.769 in es 769","desktop"
"app.label.770","de","Sample content for app.label.770 in de 770","mobile"
"component.label.771","fr","Sample content for component.label.771 in fr 771","web"
"message.description.772","fr","Sample content for message.description.772 in fr 772","desktop"
"component.button.773","de","Sample content for component.button.773 in de 773","desktop,web"
"app.label.774","en","Sample content for app.label.774 in en 774","api"
"page.description.775","en","Sample content for page.description.775 in en 775","mobile"
"message.label.776","fr","Sample content for message.label.776 in fr 776","web"
"message.button.777","it","Sample content for message.button.777 in it 777","mobile"
"message.error.778","es","Sample content for message.error.778 in es 778","desktop"
"component.description.779","es","Sample content for component.description.779 in es 779","desktop,mobile"
"page.label.780","fr","Sample content for page.label.780 in fr 780","mobile,api"
"page.button.781","it","Sample content for page.button.781 in it 781","mobile"
"error.button.782","de","Sample content for error.button.782 in de 782","web,mobile"
"component.label.783","es","Sample content for component.label.783 in es 783","mobile,api"
"component.description.784","es","Sample content for component.description.784 in es 784","web"
"app.error.785","es","Sample content for app.error.785 in es 785","api"
"app.error.786","es","Sample content for app.error.786 in es 786","desktop"
"app.description.787","en","Sample content for app.description.787 in en 787","mobile,api"
"page.label.788","de","Sample content for page.label.788 in de 788","desktop,api"
"page.description.789","en","Sample content for page.description.789 in en 789","mobile,api"
"message.description.790","de","Sample content for message.description.790 in de 790","mobile,api"
"component.label.791","fr","Sample content for component.label.791 in fr 791","web"
"app.title.792","fr","Sample content for app.title.792 in fr 792","api"
"app.description.793","fr","Sample content for app.description.793 in fr 793","desktop,api"
"app.label.794","it","Sample content for app.label.794 in it 794","mobile,api"
"error.description.795","it","Sample content for error.description.795 in it 795","desktop,mobile"
"component.label.796","de","Sample content for component.label.796 in de 796","web,api"
"error.description.797","de","Sample content for error.description.797 in de 797","desktop,mobile"
"app.label.798","es","Sample content for app.label.798 in es 798","desktop,api"
"error.error.799","es","Sample content for error.error.799 in es 799","desktop,mobile"
"component.button.800","de","Sample content for component.button.800 in de 800","desktop,web"
"component.title.801","de","Sample content for component.title.801 in de 801","desktop,mobile"
"component.description.802","es","Sample content for component.description.802 in es 802","mobile"
"component.title.803","en","Sample content for component.title.803 in en 803","mobile"
"app.button.804","it","Sample content for app.button.804 in it 804","desktop"
"page.button.805","it","Sample content for page.button.805 in it 805","web"
"page.error.806","it","Sample content for page.error.806 in it 806","desktop,mobile,api"
"message.description.807","en","Sample content for message.description.807 in en 807","web"
"app.label.808","en","Sample content for app.label.808 in en 808","api"
"message.label.809","en","Sample content for message.label.809 in en 809","desktop,mobile"
"page.error.810","en","Sample content for page.error.810 in en 810","mobile,api"
"message.error.811","en","Sample content for message.error.811 in en 811","desktop,web,mobile"
"app.error.812","en","Sample content for app.error.812 in en 812","web,mobile"
"component.label.813","es","Sample content for component.label.813 in es 813","mobile,api"
"component.title.814","es","Sample content for component.title.814 in es 814","desktop,mobile,api"
"page.button.815","de","Sample content for page.button.815 in de 815","desktop,mobile"
"page.error.816","en","Sample content for page.error.816 in en 816","desktop,api"
"component.error.817","en","Sample content for component.error.817 in en 817","api"
"component.title.818","en","Sample content for component.title.818 in en 818","web,mobile"
"page.button.819","fr","Sample content for page.button.819 in fr 819","mobile"
"message.button.820","en","Sample content for message.button.820 in en 820","mobile"
"error.title.821","it","Sample content for error.title.821 in it 821","api"
"message.title.822","en","Sample content for message.title.822 in en 822","desktop,mobile"
"message.button.823","it","Sample content for message.button.823 in it 823","web,api"
"error.title.824","es","Sample content for error.title.824 in es 824","desktop,web"
"app.description.825","fr","Sample content for app.description.825 in fr 825","desktop"
"component.title.826","fr","Sample content for component.title.826 in fr 826","web,mobile"
"app.label.827","de","Sample content for app.label.827 in de 827","web,mobile,api"
"app.description.828","en","Sample content for app.description.828 in en 828","desktop,api"
"page.label.829","de","Sample content for page.label.829 in de 829","mobile"
"page.label.830","es","Sample content for page.label.830 in es 830","web"
"component.button.831","es","Sample content for component.button.831 in es 831","api"
"component.label.832","es","Sample content for component.label.832 in es 832","desktop,mobile"
"app.description.833","de","Sample content for app.description.833 in de 833","web,mobile"
"error.label.834","en","Sample content for error.label.834 in en 834","web"
"page.title.835","en","Sample content for page.title.835 in en 835","web,api"
"app.title.836","fr","Sample content for app.title.836 in fr 836","desktop,api"
"error.button.837","fr","Sample content for error.button.837 in fr 837","desktop,mobile"
"component.title.838","de","Sample content for component.title.838 in de 838","api"
"page.title.839","fr","Sample content for page.title.839 in fr 839","desktop,web,mobile"
"app.description.840","es","Sample content for app.description.840 in es 840","mobile,api"
"component.error.841","en","Sample content for component.error.841 in en 841","desktop,mobile"
"app.button.842","de","Sample content for app.button.842 in de 842","web,mobile,api"
"page.button.843","it","Sample content for page.button.843 in it 843","web,mobile"
"page.label.844","it","Sample content for page.label.844 in it 844","mobile,api"
"error.error.845","it","Sample content for error.error.845 in it 845","mobile,api"
"error.label.846","de","Sample content for error.label.846 in de 846","api"
"page.label.847","de","Sample content for page.label.847 in de 847","web,mobile"
"message.description.848","es","Sample content for message.description.848 in es 848","web,api"
"app.error.849","fr","Sample content for app.error.849 in fr 849","web"
"page.error.850","de","Sample content for page.error.850 in de 850","mobile"
"error.label.851","fr","Sample content for error.label.851 in fr 851","desktop,mobile"
"app.error.852","de","Sample content for app.error.852 in de 852","mobile"
"error.label.853","it","Sample content for error.label.853 in it 853","web"
"component.description.854","en","Sample content for component.description.854 in en 854","api"
"page.title.855","it","Sample content for page.title.855 in it 855","web"
"error.label.856","en","Sample content for error.label.856 in en 856","api"
"error.title.857","es","Sample content for error.title.857 in es 857","desktop,mobile"
"page.error.858","en","Sample content for page.error.858 in en 858","mobile"
"error.title.859","en","Sample content for error.title.859 in en 859","desktop,mobile,api"
"error.title.860","de","Sample content for error.title.860 in de 860","mobile,api"
"page.error.861","es","Sample content for page.error.861 in es 861","web,api"
"app.title.862","en","Sample content for app.title.862 in en 862","desktop,web"
"page.title.863","en","Sample content for page.title.863 in en 863","web,api"
"page.description.864","en","Sample content for page.description.864 in en 864","web"
"app.title.865","es","Sample content for app.title.865 in es 865","web,mobile"
"message.button.866","fr","Sample content for message.button.866 in fr 866","desktop,mobile"
"app.label.867","it","Sample content for app.label.867 in it 867","mobile,api"
"app.title.868","de","Sample content for app.title.868 in de 868","web,mobile,api"
"component.description.869","en","Sample content for component.description.869 in en 869","web,mobile,api"
"page.error.870","fr","Sample content for page.error.870 in fr 870","desktop,web"
"error.description.871","fr","Sample content for error.description.871 in fr 871","api"
"error.description.872","es","Sample content for error.description.872 in es 872","web,mobile,api"
"message.label.873","de","Sample content for message.label.873 in de 873","web,api"
"page.label.874","de","Sample content for page.label.874 in de 874","desktop"
"message.label.875","es","Sample content for message.label.875 in es 875","mobile"
"page.label.876","it","Sample content for page.label.876 in it 876","web,mobile"
"message.label.877","en","Sample content for message.label.877 in en 877","api"
"app.label.878","es","Sample content for app.label.878 in es 878","mobile,api"
"page.description.879","it","Sample content for page.description.879 in it 879","mobile,api"
"page.label.880","es","Sample content for page.label.880 in es 880","api"
"message.title.881","en","Sample content for message.title.881 in en 881","web,mobile"
"error.error.882","es","Sample content for error.error.882 in es 882","web,mobile"
"page.label.883","de","Sample content for page.label.883 in de 883","desktop,mobile"
"message.title.884","en","Sample content for message.title.884 in en 884","api"
"error.description.885","de","Sample content for error.description.885 in de 885","web"
"app.label.886","it","Sample content for app.label.886 in it 886","desktop,web,api"
"message.error.887","fr","Sample content for message.error.887 in fr 887","desktop,web,mobile"
"component.description.888","es","Sample content for component.description.888 in es 888","desktop,mobile"
"app.button.889","en","Sample content for app.button.889 in en 889","web,mobile,api"
"page.error.890","de","Sample content for page.error.890 in de 890","web,mobile"
"message.error.891","fr","Sample content for message.error.891 in fr 891","web,mobile,api"
"message.description.892","de","Sample content for message.description.892 in de 892","api"
"component.title.893","de","Sample content for component.title.893 in de 893","web,mobile,api"
"page.button.894","it","Sample content for page.button.894 in it 894","mobile"
"page.title.895","it","Sample content for page.title.895 in it 895","desktop"
"error.button.896","fr","Sample content for error.button.896 in fr 896","api"
"component.title.897","de","Sample content for component.title.897 in de 897","desktop,web"
"app.label.898","de","Sample content for app.label.898 in de 898","web,api"
"app.error.899","fr","Sample content for app.error.899 in fr 899","desktop,web"
"message.description.900","de","Sample content for message.description.900 in de 900","desktop,web"
"app.description.901","es","Sample content for app.description.901 in es 901","mobile"
"page.title.902","es","Sample content for page.title.902 in es 902","web,mobile"
"app.label.903","en","Sample content for app.label.903 in en 903","web,mobile,api"
"error.error.904","en","Sample content for error.error.904 in en 904","api"
"app.description.905","en","Sample content for app.description.905 in en 905","desktop,api"
"page.button.906","fr","Sample content for page.button.906 in fr 906","web,mobile"
"page.label.907","de","Sample content for page.label.907 in de 907","web,api"
"app.error.908","de","Sample content for app.error.908 in de 908","web"
"app.button.909","en","Sample content for app.button.909 in en 909","desktop,web,api"
"page.button.910","de","Sample content for page.button.910 in de 910","desktop,api"
"error.error.911","es","Sample content for error.error.911 in es 911","web,api"
"page.button.912","en","Sample content for page.button.912 in en 912","desktop"
"app.label.913","de","Sample content for app.label.913 in de 913","web,mobile"
"error.button.914","es","Sample content for error.button.914 in es 914","desktop,mobile,api"
"error.description.915","en","Sample content for error.description.915 in en 915","web,mobile"
"page.error.916","it","Sample content for page.error.916 in it 916","desktop,web"
"error.label.917","fr","Sample content for error.label.917 in fr 917","desktop,web,mobile"
"error.label.918","en","Sample content for error.label.918 in en 918","api"
"page.error.919","de","Sample content for page.error.919 in de 919","mobile"
"message.label.920","es","Sample content for message.label.920 in es 920","desktop,web"
"message.label.921","es","Sample content for message.label.921 in es 921","desktop,api"
"error.description.922","es","Sample content for error.description.922 in es 922","web"
"message.error.923","en","Sample content for message.error.923 in en 923","desktop"
"page.button.924","fr","Sample content for page.button.924 in fr 924","desktop,web"
"component.title.925","it","Sample content for component.title.925 in it 925","desktop"
"page.button.926","es","Sample content for page.button.926 in es 926","web,api"
"component.label.927","fr","Sample content for component.label.927 in fr 927","desktop,web"
"component.error.928","de","Sample content for component.error.928 in de 928","api"
"error.title.929","de","Sample content for error.title.929 in de 929","web,api"
"error.label.930","de","Sample content for error.label.930 in de 930","mobile,api"
"message.button.931","de","Sample content for message.button.931 in de 931","web,mobile"
"app.description.932","de","Sample content for app.description.932 in de 932","web,api"
"page.title.933","de","Sample content for page.title.933 in de 933","mobile,api"
"component.error.934","en","Sample content for component.error.934 in en 934","desktop"
"app.title.935","de","Sample content for app.title.935 in de 935","mobile,api"
"page.label.936","fr","Sample content for page.label.936 in fr 936","mobile,api"
"page.button.937","en","Sample content for page.button.937 in en 937","web"
"message.label.938","en","Sample content for message.label.938 in en 938","desktop,mobile"
"page.error.939","en","Sample content for page.error.939 in en 939","mobile"
"message.error.940","es","Sample content for message.error.940 in es 940","desktop,mobile"
"page.label.941","it","Sample content for page.label.941 in it 941","desktop,mobile"
"app.button.942","en","Sample content for app.button.942 in en 942","desktop,mobile"
"message.description.943","fr","Sample content for message.description.943 in fr 943","web"
"app.label.944","it","Sample content for app.label.944 in it 944","mobile,api"
"app.label.945","en","Sample content for app.label.945 in en 945","desktop,api"
"app.button.946","es","Sample content for app.button.946 in es 946","web"
"app.title.947","en","Sample content for app.title.947 in en 947","mobile"
"message.description.948","de","Sample content for message.description.948 in de 948","web"
"error.error.949","es","Sample content for error.error.949 in es 949","desktop,mobile"
"message.button.950","en","Sample content for message.button.950 in en 950","desktop,mobile"
"page.label.951","it","Sample content for page.label.951 in it 951","web,api"
"error.description.952","es","Sample content for error.description.952 in es 952","desktop,web"
"app.label.953","en","Sample content for app.label.953 in en 953","desktop"
"component.description.954","it","Sample content for component.description.954 in it 954","mobile,api"
"app.button.955","fr","Sample content for app.button.955 in fr 955","desktop,web,api"
"error.title.956","de","Sample content for error.title.956 in de 956","api"
"page.button.957","it","Sample content for page.button.957 in it 957","web,mobile,api"
"page.error.958","it","Sample content for page.error.958 in it 958","mobile"
"app.button.959","de","Sample content for app.button.959 in de 959","desktop,mobile,api"
"component.button.960","it","Sample content for component.button.960 in it 960","web,api"
"message.description.961","it","Sample content for message.description.961 in it 961","desktop"
"message.error.962","de","Sample content for message.error.962 in de 962","web,api"
"message.error.963","fr","Sample content for message.error.963 in fr 963","desktop,mobile,api"
"component.label.964","de","Sample content for component.label.964 in de 964","api"
"app.button.965","de","Sample content for app.button.965 in de 965","mobile,api"
"page.button.966","de","Sample content for page.button.966 in de 966","desktop"
"page.button.967","en","Sample content for page.button.967 in en 967","desktop,web,mobile"
"message.label.968","fr","Sample content for message.label.968 in fr 968","web,api"
"message.button.969","es","Sample content for message.button.969 in es 969","desktop,mobile"
"component.button.970","de","Sample content for component.button.970 in de 970","web,api"
"app.error.971","de","Sample content for app.error.971 in de 971","web,mobile,api"
"page.title.972","es","Sample content for page.title.972 in es 972","web"
"app.error.973","en","Sample content for app.error.973 in en 973","desktop"
"page.error.974","it","Sample content for page.error.974 in it 974","web,api"
"component.label.975","de","Sample content for component.label.975 in de 975","desktop,mobile,api"
"component.title.976","es","Sample content for component.title.976 in es 976","web,mobile"
"component.description.977","es","Sample content for component.description.977 in es 977","web,api"
"message.description.978","en","Sample content for message.description.978 in en 978","desktop,api"
"message.title.979","it","Sample content for message.title.979 in it 979","desktop"
"error.description.980","de","Sample content for error.description.980 in de 980","mobile"
"component.button.981","fr","Sample content for component.button.981 in fr 981","api"
"component.description.982","de","Sample content for component.description.982 in de 982","mobile,api"
"component.button.983","it","Sample content for component.button.983 in it 983","desktop,api"
"page.error.984","it","Sample content for page.error.984 in it 984","mobile"
"page.description.985","it","Sample content for page.description.985 in it 985","mobile,api"
"page.description.986","it","Sample content for page.description.986 in it 986","desktop"
"page.title.987","en","Sample content for page.title.987 in en 987","web"
"error.error.988","es","Sample content for error.error.988 in es 988","mobile,api"
"component.error.989","es","Sample content for component.error.989 in es 989","web,api"
"page.label.990","en","Sample content for page.label.990 in en 990","web"
"error.title.991","en","Sample content for error.title.991 in en 991","mobile,api"
"message.label.992","de","Sample content for message.label.992 in de 992","desktop,api"
"app.error.993","de","Sample content for app.error.993 in de 993","web"
"message.label.994","it","Sample content for message.label.994 in it 994","mobile,api"
"error.button.995","es","Sample content for error.button.995 in es 995","desktop,web,api"
"message.error.996","fr","Sample content for message.error.996 in fr 996","desktop,web"
"error.title.997","en","Sample content for error.title.997 in en 997","mobile,api"
"page.button.998","en","Sample content for page.button.998 in en 998","desktop,web,mobile"
"page.title.999","it","Sample content for page.title.999 in it 999","web"
